shipment_id,booking_number,house_bl,master_bl,customer_reference,status,carrier,vessel_name,vessel_imo,voyage,service_lane,origin_port_code,origin_port_name,destination_port_code,destination_port_name,transshipment_port_code,transshipment_port_name,route,shipper,consignee,notify_party,customer_name,operator_name,incoterm,cargo_description,container_number,container_type,container_size_ft,container_iso_code,gross_weight_kg,net_weight_kg,volume_cbm,packages,package_type,freight_term,etd,atd,eta,ata,delay_days,last_event,last_event_location,last_event_at,last_update,created_at,updated_at,document_status,customs_status,risk_level,vessel_source_url,notes
SHP-2026-0001,HM39958838,HBL013389083,MBL863794026,REF-2602-0001,Booked,HMM,HMM OAKLAND,9385013,487N,India-SA,LKCMB,Colombo,BRSSZ,Santos,,,LKCMB → BRSSZ,Parana Timber Exports,Benelux Commodities NV,Benelux Commodities NV,Mercosul Logistics,Marina Rocha,DAP,Pulp bales,CMAU1819604,40HC,40,HC,9923,8129,39.35,265,bales,Prepaid,2026-04-09 01:00,,2026-05-02 01:00,,0,Booking Confirmed,Colombo,2026-02-04 09:00,2026-02-04 18:00,2026-02-02 09:00,2026-02-04 18:00,Partially Received,Not Started,Low,https://www.vesselfinder.com/vessels/details/9385013,Direct service.
SHP-2026-0002,MK19335534,HBL475255341,MBL928327648,REF-2603-0002,In Transit,Maersk,MAERSK CHICAGO,9332975,862E,NEU-SA,NLRTM,Rotterdam,BRRIG,Rio Grande,,,NLRTM → BRRIG,LatAm Pharma Logistics,Rioplate Logistics SA,Rioplate Logistics SA,BluePort Forwarding,Marina Rocha,DAP,Refrigerated fruit,MSCU3413160,40GP,40,GP,23535,22943,29.04,515,cartons,Prepaid,2026-03-18 07:00,2026-03-18 11:00,2026-04-05 12:00,,0,Departed,At Sea,2026-03-26 14:00,2026-03-27 03:00,2026-03-13 02:00,2026-03-27 03:00,Partially Received,Cleared,Medium,https://www.vesselfinder.com/vessels/details/9332975,Direct service.
SHP-2026-0003,MS78387461,HBL916697848,MBL018451462,REF-2602-0003,Loaded,MSC,MSC MICHIGAN VII,9196864,999E,Africa-SA,ZADUR,Durban,BRPNG,Paranagua,,,ZADUR → BRPNG,Santos Trading Export Ltda,Southern Cross Forwarding,Southern Cross Forwarding,Nexa Comex,Diego Martins,CIF,Auto parts,TEMU1012260,40GP,40,GP,24510,24171,20.93,753,crates,Prepaid,2026-04-01 01:00,2026-04-01 12:00,2026-04-12 12:00,,0,Loaded on Vessel,Durban,2026-04-01 08:00,2026-04-01 19:00,2026-02-22 20:00,2026-04-01 19:00,Partially Received,In Progress,Medium,https://www.vesselfinder.com/vessels/details/9196864,Direct service.
SHP-2026-0004,CC81498611,HBL896383465,MBL787133150,REF-2602-0004,Confirmed,CMA CGM,CMA CGM NEW JERSEY,9351141,319S,Americas West Coast,USLAX,Los Angeles,BRSSZ,Santos,PABLB,Balboa,USLAX → BRSSZ,SP Consumer Goods,Patagonia Retail SA,Patagonia Retail SA,SouthGate Shipping,Diego Martins,DAP,Green coffee beans,TXGU2278241,45HC,45,HC,14321,12969,27.61,1004,bags,Collect,2026-04-06 11:00,,2026-04-27 11:00,,0,Space Confirmed,Los Angeles,2026-04-02 11:00,2026-04-02 22:00,2026-02-17 12:00,2026-04-02 22:00,Pending,Not Started,Low,https://www.vesselfinder.com/vessels/details/9351141,Via Balboa.
SHP-2026-0005,HM22660194,HBL106513338,MBL726247317,REF-2601-0005,In Transit,HMM,HMM TACOMA,9385001,902W,India-SA,INHZX,Hazira,BRSSZ,Santos,,,INHZX → BRSSZ,Mercurio Commodities SA,Rioplate Logistics SA,Rioplate Logistics SA,SouthGate Shipping,Ana Souza,CFR,Pulp bales,MAEU6566707,45HC,45,HC,24418,24114,67.22,553,bales,Prepaid,2026-03-28 08:00,2026-03-28 15:00,2026-04-22 12:00,,2,Departed,At Sea,2026-03-27 21:00,2026-03-28 03:00,2026-01-07 12:00,2026-03-28 03:00,Complete,In Progress,Low,https://www.vesselfinder.com/vessels/details/9385001,Direct service.
SHP-2026-0006,HM39219319,HBL978820812,MBL191361939,REF-2601-0006,Confirmed,HMM,HMM PREMIUM,9625530,568E,Pacific-SA,MXLZC,Lazaro Cardenas,ARBUE,Buenos Aires,PABLB,Balboa,MXLZC → ARBUE,Brasil Foods Export SA,Cartagena Cargo SAS,Cartagena Cargo SAS,SouthGate Shipping,Kauê Santana,FOB,Chemical resins,MSCU9805002,40GP,40,GP,16321,15478,35.98,624,bags,Prepaid,2026-04-14 07:00,,2026-05-07 07:00,,0,Space Confirmed,Lazaro Cardenas,2026-04-09 07:00,2026-04-09 18:00,2026-01-22 15:00,2026-04-09 18:00,Complete,Not Started,Low,https://www.vesselfinder.com/vessels/details/9625530,Via Balboa.
SHP-2026-0007,MS77898694,HBL278498084,MBL124118244,REF-2602-0007,Booked,MSC,MSC ANS,9282261,752E,Far East-SA,KRPUS,Busan,BRPNG,Paranagua,SGSIN,Singapore,KRPUS → BRPNG,Nova Energia Equipamentos,Tanger Industrial Supply,Tanger Industrial Supply,SouthGate Shipping,Marina Rocha,CIF,Frozen poultry,OOLU2513545,40RF,40,RF,9944,9637,32.68,277,cartons,Collect,2026-04-21 21:00,,2026-05-24 21:00,,0,Booking Confirmed,Busan,2026-02-11 20:00,2026-02-12 05:00,2026-02-11 20:00,2026-02-12 05:00,Partially Received,Not Started,Low,https://www.vesselfinder.com/vessels/details/9282261,Via Singapore.
SHP-2026-0008,MS20099059,HBL262045053,MBL315869232,REF-2602-0008,In Transit,MSC,MSC ANS,9282261,328N,Far East-SA,CNSHA,Shanghai,BRSSZ,Santos,SGSIN,Singapore,CNSHA → BRSSZ,BlueWave Minerals,Andes Importaciones SRL,Andes Importaciones SRL,BluePort Forwarding,Marina Rocha,CIF,Green coffee beans,TRIU2805985,20GP,20,GP,15039,13797,20.94,476,bags,Prepaid,2026-03-05 01:00,2026-03-05 10:00,2026-04-08 12:00,,1,Transshipment,Singapore,2026-03-26 09:00,2026-03-26 17:00,2026-02-02 23:00,2026-03-26 17:00,Partially Received,Cleared,Medium,https://www.vesselfinder.com/vessels/details/9282261,Via Singapore.
SHP-2026-0009,HM96098221,HBL294019655,MBL698169340,REF-2602-0009,Booked,HMM,HMM DRIVE,9637246,512E,Far East-SA,KRPUS,Busan,ARBUE,Buenos Aires,SGSIN,Singapore,KRPUS → ARBUE,Santos Trading Export Ltda,Pacific Mercantile Inc.,Pacific Mercantile Inc.,Nexa Comex,Diego Martins,DAP,Solar components,FCIU6850146,40HC,40,HC,25117,24184,50.35,678,pallets,Prepaid,2026-04-19 15:00,,2026-05-26 15:00,,0,Booking Confirmed,Busan,2026-02-22 01:00,2026-02-22 11:00,2026-02-20 01:00,2026-02-22 11:00,Pending,Not Started,Low,https://www.vesselfinder.com/vessels/details/9637246,Via Singapore.
SHP-2026-0010,MK33357554,HBL436995777,MBL387214895,REF-2602-0010,Arrived,Maersk,MAERSK COLUMBUS,9332987,299W,Americas Loop,USNYC,New York,BRPNG,Paranagua,,,USNYC → BRPNG,Apex Chemicals Brasil,Norteuropa Procurement ApS,Norteuropa Procurement ApS,Atlas Cargo,Marina Rocha,EXW,Textiles,UETU9468041,45HC,45,HC,26923,25775,61.97,1188,cartons,Prepaid,2026-03-13 12:00,2026-03-13 15:00,2026-03-29 15:00,2026-03-29 14:00,0,Arrived at Destination,Paranagua,2026-03-29 14:00,2026-03-29 17:00,2026-02-20 08:00,2026-03-29 17:00,Complete,In Progress,Low,https://www.vesselfinder.com/vessels/details/9332987,Direct service.
SHP-2026-0011,CC67062156,HBL172788957,MBL986872774,REF-2602-0011,Arrived,CMA CGM,CMA CGM NEW JERSEY,9351141,182S,Americas West Coast,USLAX,Los Angeles,BRSSZ,Santos,PABLB,Balboa,USLAX → BRSSZ,Parana Timber Exports,Pacific Mercantile Inc.,Pacific Mercantile Inc.,BluePort Forwarding,Bruna Lima,CIF,Green coffee beans,TCLU2870836,20GP,20,GP,17403,16416,20.44,1116,bags,Prepaid,2026-02-28 12:00,2026-02-28 16:00,2026-03-22 16:00,2026-03-23 06:00,1,Arrived at Destination,Santos,2026-03-23 06:00,2026-03-23 14:00,2026-02-15 04:00,2026-03-23 14:00,Complete,In Progress,Low,https://www.vesselfinder.com/vessels/details/9351141,Via Balboa.
SHP-2026-0012,CC65682626,HBL669096705,MBL466889373,REF-2601-0012,Delayed,CMA CGM,CMA CGM INNOVATION,9951525,286N,Med-SA,FOSFM,Fos-sur-Mer,BRSSZ,Santos,,,FOSFM → BRSSZ,BlueWave Minerals,Dubai Market Connect FZE,Dubai Market Connect FZE,Mercosul Logistics,Kauê Santana,CFR,Green coffee beans,TRHU5876037,40GP,40,GP,11250,9634,37.72,955,bags,Prepaid,2026-03-19 01:00,2026-03-19 15:00,2026-04-10 15:00,,7,Vessel Delay,At Sea,2026-03-28 12:00,2026-03-28 13:00,2026-01-27 02:00,2026-03-28 13:00,Partially Received,Hold,High,https://www.vesselfinder.com/vessels/details/9951525,Shipment flagged for delay follow-up.
SHP-2026-0013,HM60885459,HBL053100330,MBL923271937,REF-2603-0013,In Transit,HMM,HMM DRIVE,9637246,915N,Far East-SA,KRPUS,Busan,BRSSZ,Santos,SGSIN,Singapore,KRPUS → BRSSZ,Oceanic Paper & Pulp,Asia Pacific Sourcing Pte Ltd,Asia Pacific Sourcing Pte Ltd,Mercosul Logistics,Diego Martins,CFR,Solar components,OOLU6417088,40HC,40,HC,11839,10112,55.94,257,pallets,Collect,2026-03-11 10:00,2026-03-11 12:00,2026-04-15 12:00,,1,Departed,At Sea,2026-03-28 00:00,2026-03-28 08:00,2026-03-03 07:00,2026-03-28 08:00,Partially Received,In Progress,Medium,https://www.vesselfinder.com/vessels/details/9637246,Via Singapore.
SHP-2026-0014,MK55799273,HBL262849877,MBL694531473,REF-2601-0014,Booked,Maersk,MAERSK HARTFORD,9333008,669N,Africa-SA,ZADUR,Durban,BRSSZ,Santos,,,ZADUR → BRSSZ,Porto Norte Insumos,Cartagena Cargo SAS,Cartagena Cargo SAS,Nexa Comex,Ana Souza,DAP,Refrigerated fruit,MSCU6716576,40RF,40,RF,20126,19297,33.04,575,cartons,Prepaid,2026-04-07 04:00,,2026-04-19 04:00,,0,Booking Confirmed,Durban,2026-01-29 02:00,2026-01-29 09:00,2026-01-28 02:00,2026-01-29 09:00,Partially Received,Not Started,Low,https://www.vesselfinder.com/vessels/details/9333008,Direct service.
SHP-2026-0015,MK84514489,HBL436349578,MBL856855744,REF-2602-0015,Delayed,Maersk,SAN NICOLAS MAERSK,9622203,825S,Asia-SAEC,CNSHA,Shanghai,BRPNG,Paranagua,SGSIN,Singapore,CNSHA → BRPNG,Apex Chemicals Brasil,Hamburg Distribution GmbH,Hamburg Distribution GmbH,Mercosul Logistics,Ana Souza,CFR,Timber products,TXGU3777013,45HC,45,HC,19454,18415,24.51,38,bundles,Prepaid,2026-03-22 00:00,2026-03-22 07:00,2026-04-28 07:00,,3,Vessel Delay,At Sea,2026-03-29 12:00,2026-03-29 22:00,2026-02-21 02:00,2026-03-29 22:00,Partially Received,In Progress,Critical,https://www.vesselfinder.com/vessels/details/9622203,Shipment flagged for delay follow-up.
SHP-2026-0016,MK75884623,HBL520471167,MBL190229413,REF-2602-0016,Arrived,Maersk,MAERSK LETICIA,9526916,881S,Neosamba,BRPNG,Paranagua,BEANR,Antwerp,,,BRPNG → BEANR,SP Consumer Goods,Sakura Imports Co.,Sakura Imports Co.,Atlas Cargo,Diego Martins,CIF,Textiles,MAEU0947774,40GP,40,GP,18506,17042,47.91,213,cartons,Prepaid,2026-03-05 12:00,2026-03-06 04:00,2026-03-24 04:00,2026-03-24 10:00,0,Arrived at Destination,Antwerp,2026-03-24 10:00,2026-03-25 00:00,2026-02-16 20:00,2026-03-25 00:00,Complete,In Progress,Low,https://www.vesselfinder.com/vessels/details/9526916,Direct service.
SHP-2026-0017,ON84087145,HBL403447134,MBL936183242,REF-2601-0017,Confirmed,ONE,ONE HONOLULU,9588079,542E,Far East-SA,CNSHA,Shanghai,BRSSZ,Santos,PABLB,Balboa,CNSHA → BRSSZ,Brasil Foods Export SA,Asia Pacific Sourcing Pte Ltd,Asia Pacific Sourcing Pte Ltd,Atlas Cargo,Felipe Costa,DAP,Auto parts,MAEU2067973,40GP,40,GP,26194,24883,38.2,91,crates,Prepaid,2026-04-11 16:00,,2026-05-17 16:00,,0,Space Confirmed,Shanghai,2026-04-06 16:00,2026-04-07 09:00,2026-01-04 03:00,2026-04-07 09:00,Partially Received,Not Started,Medium,https://www.vesselfinder.com/vessels/details/9588079,Via Balboa.
SHP-2026-0018,LI12784407,HBL742967175,MBL655125674,REF-2603-0018,Gate In,Log-In,LOG IN ENDURANCE,9571296,740W,Mercosur Shuttle,BRSSZ,Santos,ARBUE,Buenos Aires,,,BRSSZ → ARBUE,SP Consumer Goods,Rioplate Logistics SA,Rioplate Logistics SA,Nexa Comex,Bruna Lima,FOB,Refrigerated fruit,TXGU4902784,40RF,40,RF,14646,13285,34.17,1030,cartons,Prepaid,2026-04-04 23:00,,2026-04-09 23:00,,0,Gate In,Santos,2026-04-02 23:00,2026-04-03 01:00,2026-03-06 02:00,2026-04-03 01:00,Complete,In Progress,Low,https://www.vesselfinder.com/vessels/details/9571296,Direct service.
SHP-2026-0019,MK75056916,HBL086131712,MBL748467737,REF-2601-0019,Loaded,Maersk,MAERSK OHIO,9298698,453E,Asia-SA,SGSIN,Singapore,BRSSZ,Santos,,,SGSIN → BRSSZ,Atlantic Coffee Exportadora,Montevideo Trading House,Montevideo Trading House,SouthGate Shipping,Marina Rocha,DAP,Refrigerated fruit,MAEU0932481,45HC,45,HC,28044,27440,38.67,1001,cartons,Collect,2026-04-01 10:00,2026-04-01 20:00,2026-05-02 20:00,,0,Loaded on Vessel,Singapore,2026-04-01 13:00,2026-04-01 23:00,2026-01-10 13:00,2026-04-01 23:00,Partially Received,Cleared,Medium,https://www.vesselfinder.com/vessels/details/9298698,Direct service.
SHP-2026-0020,CC42051937,HBL662702895,MBL171870262,REF-2601-0020,Loaded,CMA CGM,CMA CGM INNOVATION,9951525,200N,Med-SA,ESALG,Algeciras,BRPNG,Paranagua,,,ESALG → BRPNG,Global Rubber Brasil,Southern Cross Forwarding,Southern Cross Forwarding,Atlas Cargo,Felipe Costa,EXW,Refrigerated fruit,UETU6360578,40GP,40,GP,17916,17151,54.58,898,cartons,Prepaid,2026-04-01 06:00,2026-04-01 20:00,2026-04-16 20:00,,0,Loaded on Vessel,Algeciras,2026-04-01 08:00,2026-04-01 16:00,2026-01-25 16:00,2026-04-01 16:00,Partially Received,In Progress,Medium,https://www.vesselfinder.com/vessels/details/9951525,Direct service.
SHP-2026-0021,HM17532195,HBL692221969,MBL379237474,REF-2601-0021,Booked,HMM,HMM PREMIUM,9625530,973W,Pacific-SA,MXLZC,Lazaro Cardenas,ARBUE,Buenos Aires,PABLB,Balboa,MXLZC → ARBUE,Andes Fresh Produce,Norteuropa Procurement ApS,Norteuropa Procurement ApS,Atlas Cargo,Ana Souza,FOB,Solar components,OOLU5562380,20GP,20,GP,23469,22551,18.39,797,pallets,Prepaid,2026-04-09 03:00,,2026-05-02 03:00,,0,Booking Confirmed,Lazaro Cardenas,2026-01-09 07:00,2026-01-09 16:00,2026-01-07 07:00,2026-01-09 16:00,Partially Received,Not Started,Low,https://www.vesselfinder.com/vessels/details/9625530,Via Balboa.
SHP-2026-0022,CC49625201,HBL743953394,MBL210470952,REF-2601-0022,In Transit,CMA CGM,CMA CGM INNOVATION,9951525,244S,Med-SA,ESALG,Algeciras,BRPNG,Paranagua,,,ESALG → BRPNG,Rio Sul Auto Parts,Tanger Industrial Supply,Tanger Industrial Supply,Atlas Cargo,Ana Souza,EXW,Refrigerated fruit,MSCU6409097,40HC,40,HC,19599,19064,39.82,164,cartons,Collect,2026-03-27 09:00,2026-03-27 22:00,2026-04-14 12:00,,3,Departed,At Sea,2026-03-27 04:00,2026-03-27 14:00,2026-01-23 07:00,2026-03-27 14:00,Complete,Cleared,Low,https://www.vesselfinder.com/vessels/details/9951525,Direct service.
SHP-2026-0023,ON82017516,HBL137098593,MBL174612004,REF-2601-0023,In Transit,ONE,ONE MODERN,9475636,133E,LatAm Pacific,PABLB,Balboa,BRSSZ,Santos,,,PABLB → BRSSZ,Mercurio Commodities SA,Hamburg Distribution GmbH,Hamburg Distribution GmbH,Nexa Comex,Marina Rocha,CIF,Chemical resins,MAEU7549659,20GP,20,GP,24534,22974,21.94,582,bags,Prepaid,2026-03-24 04:00,2026-03-24 17:00,2026-04-09 12:00,,3,Departed,At Sea,2026-03-27 18:00,2026-03-27 22:00,2026-01-08 08:00,2026-03-27 22:00,Partially Received,Cleared,Medium,https://www.vesselfinder.com/vessels/details/9475636,Direct service.
SHP-2026-0024,MS59302863,HBL713900532,MBL931839335,REF-2602-0024,Loaded,MSC,MSC ANS,9282261,371N,Far East-SA,KRPUS,Busan,BRPNG,Paranagua,SGSIN,Singapore,KRPUS → BRPNG,Green Harvest Trading,Andes Importaciones SRL,Andes Importaciones SRL,BluePort Forwarding,Felipe Costa,CIF,Textiles,FCIU5064311,20GP,20,GP,16296,14791,20.5,366,cartons,Collect,2026-03-30 07:00,2026-03-30 14:00,2026-05-02 14:00,,0,Loaded on Vessel,Busan,2026-03-30 02:00,2026-03-30 14:00,2026-02-27 08:00,2026-03-30 14:00,Partially Received,In Progress,Low,https://www.vesselfinder.com/vessels/details/9282261,Via Singapore.
SHP-2026-0025,MK70166480,HBL390847007,MBL661771159,REF-2601-0025,Delayed,Maersk,MAERSK HARTFORD,9333008,562S,Med-SA,MAPTM,Tanger Med,BRSSZ,Santos,,,MAPTM → BRSSZ,Sul Agro Comex Ltda,Benelux Commodities NV,Benelux Commodities NV,BluePort Forwarding,Felipe Costa,EXW,Timber products,TXGU5891787,20GP,20,GP,26566,24790,29.71,890,bundles,Prepaid,2026-03-18 06:00,2026-03-18 20:00,2026-04-07 20:00,,6,Rolled to Next Voyage,At Sea,2026-03-29 12:00,2026-03-29 16:00,2026-01-01 19:00,2026-03-29 16:00,Complete,In Progress,Critical,https://www.vesselfinder.com/vessels/details/9333008,Shipment flagged for delay follow-up.
SHP-2026-0026,MK22762205,HBL111161528,MBL098851656,REF-2601-0026,In Transit,Maersk,MAERSK CHICAGO,9332975,126E,NEU-SA,NLRTM,Rotterdam,BRRIG,Rio Grande,,,NLRTM → BRRIG,Rio Sul Auto Parts,Cartagena Cargo SAS,Cartagena Cargo SAS,Atlas Cargo,Felipe Costa,FOB,Refrigerated fruit,HLBU6545276,45HC,45,HC,19410,18232,59.79,1150,cartons,Prepaid,2026-03-24 09:00,2026-03-25 02:00,2026-04-12 12:00,,0,Departed,At Sea,2026-03-25 09:00,2026-03-25 18:00,2026-01-31 09:00,2026-03-25 18:00,Complete,In Progress,Medium,https://www.vesselfinder.com/vessels/details/9332975,Direct service.
SHP-2026-0027,MK34347841,HBL183667525,MBL459910229,REF-2601-0027,Loaded,Maersk,MAERSK OHIO,9298698,639E,Asia-SA,SGSIN,Singapore,BRPNG,Paranagua,,,SGSIN → BRPNG,Sul Agro Comex Ltda,Southern Cross Forwarding,Southern Cross Forwarding,Atlas Cargo,Bruna Lima,FOB,Frozen poultry,CAXU2961206,40HC,40,HC,17781,16093,50.96,1006,cartons,Prepaid,2026-03-30 04:00,2026-03-30 19:00,2026-05-01 19:00,,0,Loaded on Vessel,Singapore,2026-03-30 14:00,2026-03-30 18:00,2026-01-21 21:00,2026-03-30 18:00,Complete,Cleared,Low,https://www.vesselfinder.com/vessels/details/9298698,Direct service.
SHP-2026-0028,CC38351344,HBL762268388,MBL516060715,REF-2601-0028,Booked,CMA CGM,CMA CGM INNOVATION,9951525,349W,Med-SA,FOSFM,Fos-sur-Mer,BRSSZ,Santos,,,FOSFM → BRSSZ,BlueWave Minerals,Chile Trade Partners SpA,Chile Trade Partners SpA,SouthGate Shipping,Bruna Lima,DAP,Chemical resins,TXGU2445101,40GP,40,GP,20357,19877,38.15,226,bags,Prepaid,2026-04-10 01:00,,2026-04-24 01:00,,0,Booking Confirmed,Fos-sur-Mer,2026-01-25 03:00,2026-01-25 18:00,2026-01-23 03:00,2026-01-25 18:00,Pending,Not Started,Low,https://www.vesselfinder.com/vessels/details/9951525,Direct service.
SHP-2026-0029,ON55568701,HBL835523124,MBL329212779,REF-2602-0029,In Transit,ONE,ONE HOUSTON,9566382,158E,Pacific-SA,JPYOK,Yokohama,BRSSZ,Santos,PABLB,Balboa,JPYOK → BRSSZ,Andes Fresh Produce,Chile Trade Partners SpA,Chile Trade Partners SpA,SouthGate Shipping,Ana Souza,CFR,Refrigerated fruit,TCLU5218185,40HC,40,HC,10931,9996,39.47,87,cartons,Prepaid,2026-03-10 09:00,2026-03-11 01:00,2026-04-16 12:00,,0,Departed,At Sea,2026-03-26 03:00,2026-03-26 20:00,2026-02-03 16:00,2026-03-26 20:00,Partially Received,Cleared,Medium,https://www.vesselfinder.com/vessels/details/9566382,Via Balboa.
SHP-2026-0030,HM61604364,HBL597820715,MBL182037788,REF-2602-0030,Arrived,HMM,HMM OAKLAND,9385013,390E,India-SA,LKCMB,Colombo,BRSSZ,Santos,,,LKCMB → BRSSZ,ValeSteel Trading,Buenos Aires Wholesale SA,Buenos Aires Wholesale SA,SouthGate Shipping,Felipe Costa,DAP,Refrigerated fruit,TEMU9807935,40RF,40,RF,10659,9684,20.01,801,cartons,Prepaid,2026-02-27 12:00,2026-02-28 00:00,2026-03-24 00:00,2026-03-24 13:00,1,Arrived at Destination,Santos,2026-03-24 13:00,2026-03-25 00:00,2026-02-09 00:00,2026-03-25 00:00,Complete,Cleared,Low,https://www.vesselfinder.com/vessels/details/9385013,Direct service.
SHP-2026-0031,HM51638598,HBL652816850,MBL542357332,REF-2601-0031,In Transit,HMM,HMM DRIVE,9637246,554E,Far East-SA,KRPUS,Busan,BRSSZ,Santos,SGSIN,Singapore,KRPUS → BRSSZ,Sul Agro Comex Ltda,Norteuropa Procurement ApS,Norteuropa Procurement ApS,BluePort Forwarding,Kauê Santana,EXW,Solar components,DFSU6291484,40GP,40,GP,9931,8790,34.31,496,pallets,Prepaid,2026-03-28 01:00,2026-03-28 13:00,2026-05-05 12:00,,3,Transshipment,Singapore,2026-03-28 08:00,2026-03-28 23:00,2026-01-11 19:00,2026-03-28 23:00,Partially Received,In Progress,Low,https://www.vesselfinder.com/vessels/details/9637246,Via Singapore.
SHP-2026-0032,CC59370777,HBL862392407,MBL581814124,REF-2603-0032,Loaded,CMA CGM,CMA CGM HERMES,9882499,201E,Med-SA,MAPTM,Tanger Med,BRPNG,Paranagua,,,MAPTM → BRPNG,Mercosul Machinery,Benelux Commodities NV,Benelux Commodities NV,Nexa Comex,Bruna Lima,CIF,Pulp bales,DFSU9774681,45HC,45,HC,14674,13607,26.9,662,bales,Prepaid,2026-03-31 06:00,2026-03-31 08:00,2026-04-16 08:00,,0,Loaded on Vessel,Tanger Med,2026-03-31 06:00,2026-03-31 19:00,2026-03-06 05:00,2026-03-31 19:00,Complete,In Progress,Medium,https://www.vesselfinder.com/vessels/details/9882499,Direct service.
SHP-2026-0033,MK72962895,HBL289861434,MBL103697117,REF-2601-0033,In Transit,Maersk,MAERSK LETICIA,9526916,469N,Neosamba,BRPNG,Paranagua,BEANR,Antwerp,,,BRPNG → BEANR,SP Consumer Goods,Andes Importaciones SRL,Andes Importaciones SRL,SouthGate Shipping,Ana Souza,DAP,Refrigerated fruit,TEMU9010432,40GP,40,GP,14637,12977,50.42,1082,cartons,Collect,2026-03-23 00:00,2026-03-23 06:00,2026-04-11 12:00,,1,Departed,At Sea,2026-03-28 12:00,2026-03-29 02:00,2026-01-10 18:00,2026-03-29 02:00,Complete,In Progress,Medium,https://www.vesselfinder.com/vessels/details/9526916,Direct service.
SHP-2026-0034,ON95318289,HBL319520585,MBL277221704,REF-2602-0034,Loaded,ONE,ONE HOUSTON,9566382,547W,Pacific-SA,JPYOK,Yokohama,BRSSZ,Santos,PABLB,Balboa,JPYOK → BRSSZ,Brasil Foods Export SA,Mediterranean Foods SARL,Mediterranean Foods SARL,BluePort Forwarding,Kauê Santana,EXW,Frozen poultry,TRHU5405150,45HC,45,HC,22876,22017,21.6,763,cartons,Prepaid,2026-03-30 05:00,2026-03-30 22:00,2026-05-07 22:00,,0,Loaded on Vessel,Yokohama,2026-03-30 20:00,2026-03-30 22:00,2026-02-05 03:00,2026-03-30 22:00,Complete,Cleared,Low,https://www.vesselfinder.com/vessels/details/9566382,Via Balboa.
SHP-2026-0035,HM79696025,HBL845115447,MBL962757059,REF-2601-0035,In Transit,HMM,HMM DRIVE,9637246,719S,Far East-SA,KRPUS,Busan,BRSSZ,Santos,SGSIN,Singapore,KRPUS → BRSSZ,Parana Timber Exports,Rioplate Logistics SA,Rioplate Logistics SA,Nexa Comex,Kauê Santana,EXW,Solar components,OOLU1616929,45HC,45,HC,23866,22782,65.32,76,pallets,Prepaid,2026-03-20 11:00,2026-03-20 17:00,2026-04-27 12:00,,3,Departed,At Sea,2026-03-28 11:00,2026-03-28 23:00,2026-01-25 01:00,2026-03-28 23:00,Partially Received,In Progress,Low,https://www.vesselfinder.com/vessels/details/9637246,Via Singapore.
SHP-2026-0036,ON28481124,HBL027868144,MBL739473121,REF-2602-0036,At Risk,ONE,ONE MODERN,9475636,126E,LatAm Pacific,PABLB,Balboa,ARBUE,Buenos Aires,,,PABLB → ARBUE,ValeSteel Trading,Qingdao Distribution Ltd.,Qingdao Distribution Ltd.,Nexa Comex,Kauê Santana,DAP,Industrial machinery,FCIU5654318,20GP,20,GP,15085,14501,19.02,1021,crates,Collect,2026-03-26 00:00,2026-03-26 04:00,2026-04-06 12:00,,2,Missing Documents,Buenos Aires,2026-03-30 05:00,2026-03-30 09:00,2026-02-04 15:00,2026-03-30 09:00,Partially Received,In Progress,High,https://www.vesselfinder.com/vessels/details/9475636,Requires operational attention.
SHP-2026-0037,ON21571646,HBL912517785,MBL289226801,REF-2602-0037,In Transit,ONE,ONE MODERN,9475636,756S,LatAm Pacific,PABLB,Balboa,ARBUE,Buenos Aires,,,PABLB → ARBUE,Atlantic Coffee Exportadora,Norteuropa Procurement ApS,Norteuropa Procurement ApS,SouthGate Shipping,Marina Rocha,DAP,Industrial machinery,MAEU4678668,40GP,40,GP,18422,16864,43.27,1039,crates,Collect,2026-03-19 08:00,2026-03-19 21:00,2026-04-08 12:00,,3,Departed,At Sea,2026-03-29 10:00,2026-03-29 15:00,2026-02-25 02:00,2026-03-29 15:00,Partially Received,Cleared,Medium,https://www.vesselfinder.com/vessels/details/9475636,Direct service.
SHP-2026-0038,MS91220369,HBL439690784,MBL473647102,REF-2602-0038,Arrived,MSC,MSC AMERICA,9963580,675N,Far East-SAEC,CNSHA,Shanghai,BRSSZ,Santos,SGSIN,Singapore,CNSHA → BRSSZ,BlueWave Minerals,Dubai Market Connect FZE,Dubai Market Connect FZE,Nexa Comex,Bruna Lima,CFR,Refrigerated fruit,HLBU9001091,40RF,40,RF,21565,20998,55.32,1064,cartons,Prepaid,2026-02-21 12:00,2026-02-22 00:00,2026-03-28 00:00,2026-03-28 14:00,1,Arrived at Destination,Santos,2026-03-28 14:00,2026-03-29 02:00,2026-02-19 02:00,2026-03-29 02:00,Complete,In Progress,Low,https://www.vesselfinder.com/vessels/details/9963580,Via Singapore.
SHP-2026-0039,MS28908276,HBL259532787,MBL747016873,REF-2603-0039,Loaded,MSC,MSC ANS,9282261,474N,Far East-SA,KRPUS,Busan,BRPNG,Paranagua,SGSIN,Singapore,KRPUS → BRPNG,Porto Norte Insumos,Buenos Aires Wholesale SA,Buenos Aires Wholesale SA,BluePort Forwarding,Kauê Santana,EXW,Pulp bales,MAEU0469633,45HC,45,HC,20666,18877,34.39,835,bales,Prepaid,2026-03-31 02:00,2026-03-31 19:00,2026-05-05 19:00,,0,Loaded on Vessel,Busan,2026-03-31 09:00,2026-03-31 14:00,2026-03-11 03:00,2026-03-31 14:00,Partially Received,Cleared,Low,https://www.vesselfinder.com/vessels/details/9282261,Via Singapore.
SHP-2026-0040,MK19869264,HBL121655852,MBL398680002,REF-2602-0040,Loaded,Maersk,MAERSK ATLANTA,9348649,406W,Florida Express,USMIA,Miami,BRSSZ,Santos,,,USMIA → BRSSZ,Global Rubber Brasil,Pacific Mercantile Inc.,Pacific Mercantile Inc.,Mercosul Logistics,Bruna Lima,FOB,Pharmaceutical supplies,TRHU8784994,40RF,40,RF,25202,23812,40.96,1162,cartons,Prepaid,2026-03-30 09:00,2026-03-30 21:00,2026-04-11 21:00,,0,Loaded on Vessel,Miami,2026-03-30 17:00,2026-03-31 10:00,2026-02-25 17:00,2026-03-31 10:00,Complete,Cleared,Medium,https://www.vesselfinder.com/vessels/details/9348649,Direct service.
SHP-2026-0041,HM94457912,HBL097289623,MBL091307562,REF-2601-0041,In Transit,HMM,HMM DRIVE,9637246,792E,Far East-SA,KRPUS,Busan,BRSSZ,Santos,SGSIN,Singapore,KRPUS → BRSSZ,Nova Energia Equipamentos,Sakura Imports Co.,Sakura Imports Co.,Nexa Comex,Diego Martins,DAP,Pharmaceutical supplies,MSCU9749932,40RF,40,RF,23562,22171,33.14,735,cartons,Prepaid,2026-03-27 00:00,2026-03-27 06:00,2026-05-03 12:00,,3,Transshipment,Singapore,2026-03-28 15:00,2026-03-28 21:00,2026-01-15 13:00,2026-03-28 21:00,Complete,Cleared,Medium,https://www.vesselfinder.com/vessels/details/9637246,Via Singapore.
SHP-2026-0042,MK40181142,HBL844198665,MBL240415747,REF-2601-0042,Loaded,Maersk,MAERSK COLUMBUS,9332987,202S,Americas Loop,USORF,Norfolk,BRSSZ,Santos,,,USORF → BRSSZ,Nova Energia Equipamentos,Iberia Consumer Products SL,Iberia Consumer Products SL,BluePort Forwarding,Felipe Costa,FOB,Pharmaceutical supplies,OOLU4375759,40RF,40,RF,11783,10637,32.51,977,cartons,Collect,2026-03-31 09:00,2026-03-31 14:00,2026-04-15 14:00,,0,Loaded on Vessel,Norfolk,2026-03-31 09:00,2026-03-31 11:00,2026-01-04 14:00,2026-03-31 11:00,Partially Received,In Progress,Low,https://www.vesselfinder.com/vessels/details/9332987,Direct service.
SHP-2026-0043,HM97313825,HBL380262067,MBL240049915,REF-2601-0043,Arrived,HMM,HMM ST PETERSBURG,9868364,835S,NEU-SA,NLRTM,Rotterdam,BRPNG,Paranagua,,,NLRTM → BRPNG,Andes Fresh Produce,Iberia Consumer Products SL,Iberia Consumer Products SL,Mercosul Logistics,Diego Martins,FOB,Timber products,TCLU4540197,45HC,45,HC,17324,15527,39.32,536,bundles,Collect,2026-03-04 12:00,2026-03-04 22:00,2026-03-22 22:00,2026-03-22 20:00,0,Arrived at Destination,Paranagua,2026-03-22 20:00,2026-03-23 07:00,2026-01-13 08:00,2026-03-23 07:00,Complete,Cleared,Low,https://www.vesselfinder.com/vessels/details/9868364,Direct service.
SHP-2026-0044,HM92000924,HBL122753046,MBL374549904,REF-2603-0044,In Transit,HMM,HMM DRIVE,9637246,256W,Far East-SA,KRPUS,Busan,ARBUE,Buenos Aires,SGSIN,Singapore,KRPUS → ARBUE,Apex Chemicals Brasil,Rioplate Logistics SA,Rioplate Logistics SA,Mercosul Logistics,Ana Souza,DAP,Auto parts,CAXU6685169,40GP,40,GP,15736,14988,65.74,989,crates,Prepaid,2026-03-11 09:00,2026-03-11 23:00,2026-04-20 12:00,,3,Departed,At Sea,2026-03-26 03:00,2026-03-26 15:00,2026-03-01 22:00,2026-03-26 15:00,Partially Received,Cleared,Medium,https://www.vesselfinder.com/vessels/details/9637246,Via Singapore.
SHP-2026-0045,MK39314711,HBL519108839,MBL822587139,REF-2603-0045,Delayed,Maersk,MAERSK HARTFORD,9333008,174N,Africa-SA,ZADUR,Durban,BRSSZ,Santos,,,ZADUR → BRSSZ,Sul Agro Comex Ltda,Pacific Mercantile Inc.,Pacific Mercantile Inc.,Nexa Comex,Bruna Lima,EXW,Refrigerated fruit,TXGU3918786,40RF,40,RF,16838,16532,54.53,1194,cartons,Prepaid,2026-03-27 03:00,2026-03-27 18:00,2026-04-12 18:00,,5,Rolled to Next Voyage,At Sea,2026-03-31 12:00,2026-04-01 01:00,2026-03-09 22:00,2026-04-01 01:00,Complete,In Progress,Critical,https://www.vesselfinder.com/vessels/details/9333008,Shipment flagged for delay follow-up.
SHP-2026-0046,HM73360324,HBL676618251,MBL286823004,REF-2601-0046,In Transit,HMM,HMM PREMIUM,9625530,557N,Pacific-SA,MXLZC,Lazaro Cardenas,BRSSZ,Santos,PABLB,Balboa,MXLZC → BRSSZ,SP Consumer Goods,Sakura Imports Co.,Sakura Imports Co.,Nexa Comex,Diego Martins,CIF,Green coffee beans,MSCU4622652,20GP,20,GP,15252,14815,16.72,78,bags,Collect,2026-03-23 04:00,2026-03-23 17:00,2026-04-11 12:00,,0,Transshipment,Balboa,2026-03-26 09:00,2026-03-26 17:00,2026-01-28 05:00,2026-03-26 17:00,Complete,In Progress,Low,https://www.vesselfinder.com/vessels/details/9625530,Via Balboa.
SHP-2026-0047,MK39161379,HBL599534283,MBL644089268,REF-2601-0047,In Transit,Maersk,MAERSK LETICIA,9526916,925W,Neosamba,DEHAM,Hamburg,BRSSZ,Santos,,,DEHAM → BRSSZ,Brasil Foods Export SA,Buenos Aires Wholesale SA,Buenos Aires Wholesale SA,Nexa Comex,Ana Souza,FOB,Home appliances,TXGU0284395,40GP,40,GP,15884,14969,60.45,305,cartons,Collect,2026-03-20 00:00,2026-03-20 15:00,2026-04-11 12:00,,2,Departed,At Sea,2026-03-30 03:00,2026-03-30 11:00,2026-01-27 20:00,2026-03-30 11:00,Partially Received,Cleared,Medium,https://www.vesselfinder.com/vessels/details/9526916,Direct service.
SHP-2026-0048,MK62132722,HBL183046990,MBL139837354,REF-2603-0048,In Transit,Maersk,MAERSK HARTFORD,9333008,468W,Africa-SA,ZADUR,Durban,BRSSZ,Santos,,,ZADUR → BRSSZ,Nova Energia Equipamentos,Mediterranean Foods SARL,Mediterranean Foods SARL,Atlas Cargo,Ana Souza,EXW,Frozen poultry,TCLU4351758,40RF,40,RF,25986,24358,34.04,545,cartons,Prepaid,2026-03-23 08:00,2026-03-23 16:00,2026-04-06 12:00,,2,Departed,At Sea,2026-03-29 19:00,2026-03-30 10:00,2026-03-01 13:00,2026-03-30 10:00,Complete,Cleared,Medium,https://www.vesselfinder.com/vessels/details/9333008,Direct service.
SHP-2026-0049,MK59755172,HBL489964235,MBL369378547,REF-2601-0049,At Risk,Maersk,MAERSK PITTSBURGH,9342176,169S,Americas Loop,USNYC,New York,BRPNG,Paranagua,,,USNYC → BRPNG,Andes Fresh Produce,Asia Pacific Sourcing Pte Ltd,Asia Pacific Sourcing Pte Ltd,Nexa Comex,Ana Souza,FOB,Pulp bales,HLBU6093200,40HC,40,HC,22013,21432,59.65,483,bales,Prepaid,2026-03-30 00:00,2026-03-30 17:00,2026-04-03 12:00,,2,Connection Risk,Paranagua,2026-03-31 18:00,2026-03-31 19:00,2026-01-31 07:00,2026-03-31 19:00,Pending,In Progress,High,https://www.vesselfinder.com/vessels/details/9342176,Requires operational attention.
SHP-2026-0050,ON95594482,HBL860084840,MBL862118233,REF-2602-0050,Loaded,ONE,ONE HOUSTON,9566382,665W,Pacific-SA,JPUKB,Kobe,ARBUE,Buenos Aires,PABLB,Balboa,JPUKB → ARBUE,Mercosul Machinery,Southern Cross Forwarding,Southern Cross Forwarding,SouthGate Shipping,Felipe Costa,FOB,Industrial machinery,DFSU9770080,20GP,20,GP,9538,9047,21.89,782,crates,Collect,2026-04-01 06:00,2026-04-01 20:00,2026-05-12 20:00,,0,Loaded on Vessel,Kobe,2026-04-01 09:00,2026-04-01 12:00,2026-02-11 00:00,2026-04-01 12:00,Partially Received,Cleared,Low,https://www.vesselfinder.com/vessels/details/9566382,Via Balboa.
SHP-2026-0051,LI96557984,HBL397401489,MBL025039261,REF-2601-0051,Confirmed,Log-In,LOG IN ENDURANCE,9571296,337N,Mercosur Shuttle,BRPNG,Paranagua,UYMVD,Montevideo,,,BRPNG → UYMVD,ValeSteel Trading,Chile Trade Partners SpA,Chile Trade Partners SpA,Mercosul Logistics,Marina Rocha,CFR,Pharmaceutical supplies,TXGU5918039,45HC,45,HC,28409,27401,17.85,905,cartons,Collect,2026-04-15 06:00,,2026-04-20 06:00,,0,Space Confirmed,Paranagua,2026-04-09 06:00,2026-04-09 09:00,2026-01-04 00:00,2026-04-09 09:00,Complete,Not Started,Low,https://www.vesselfinder.com/vessels/details/9571296,Direct service.
SHP-2026-0052,CC95110541,HBL629619431,MBL142626551,REF-2601-0052,At Risk,CMA CGM,CMA CGM MISSISSIPPI,9679907,984W,SA-Asia,BRPNG,Paranagua,SGSIN,Singapore,,,BRPNG → SGSIN,Santos Trading Export Ltda,Norteuropa Procurement ApS,Norteuropa Procurement ApS,Atlas Cargo,Bruna Lima,FOB,Frozen poultry,OOLU7735864,40HC,40,HC,11549,10027,46.7,674,cartons,Prepaid,2026-03-30 09:00,2026-03-30 13:00,2026-04-03 12:00,,1,Missing Documents,Singapore,2026-03-29 07:00,2026-03-30 01:00,2026-01-30 04:00,2026-03-30 01:00,Pending,Hold,High,https://www.vesselfinder.com/vessels/details/9679907,Requires operational attention.
SHP-2026-0053,MK85099723,HBL244472126,MBL464715437,REF-2603-0053,At Risk,Maersk,MAERSK HARTFORD,9333008,590E,Africa-SA,ZADUR,Durban,BRSSZ,Santos,,,ZADUR → BRSSZ,Green Harvest Trading,Mediterranean Foods SARL,Mediterranean Foods SARL,SouthGate Shipping,Bruna Lima,CIF,Refrigerated fruit,TRIU3982624,20GP,20,GP,19007,17472,31.1,421,cartons,Prepaid,2026-03-29 11:00,2026-03-30 01:00,2026-04-04 12:00,,2,Missing Documents,Santos,2026-03-29 20:00,2026-03-30 06:00,2026-03-04 08:00,2026-03-30 06:00,Partially Received,In Progress,Critical,https://www.vesselfinder.com/vessels/details/9333008,Requires operational attention.
SHP-2026-0054,HM42537638,HBL398280737,MBL416724342,REF-2601-0054,Delayed,HMM,HMM DRIVE,9637246,760W,Far East-SA,KRPUS,Busan,ARBUE,Buenos Aires,SGSIN,Singapore,KRPUS → ARBUE,Santa Maria Foods,Euro Trade Solutions BV,Euro Trade Solutions BV,Nexa Comex,Bruna Lima,CFR,Industrial machinery,HLBU6465191,45HC,45,HC,17450,15825,47.47,1163,crates,Prepaid,2026-03-04 03:00,2026-03-04 21:00,2026-04-16 21:00,,7,Port Congestion,At Sea,2026-03-29 12:00,2026-03-30 00:00,2026-01-14 18:00,2026-03-30 00:00,Partially Received,In Progress,High,https://www.vesselfinder.com/vessels/details/9637246,Shipment flagged for delay follow-up.
SHP-2026-0055,CC78541804,HBL567982507,MBL146112545,REF-2601-0055,Confirmed,CMA CGM,CMA CGM COBALT,9996680,793S,Asia SAEC 2,SGSIN,Singapore,BRSSZ,Santos,,,SGSIN → BRSSZ,Nova Energia Equipamentos,Pacific Mercantile Inc.,Pacific Mercantile Inc.,Nexa Comex,Bruna Lima,CIF,Pulp bales,BMOU8899379,40HC,40,HC,12271,11925,60.01,233,bales,Collect,2026-04-06 03:00,,2026-05-08 03:00,,0,Space Confirmed,Singapore,2026-04-01 03:00,2026-04-01 05:00,2026-01-31 21:00,2026-04-01 05:00,Partially Received,Not Started,Low,https://www.vesselfinder.com/vessels/details/9996680,Direct service.
SHP-2026-0056,HM67226329,HBL093796603,MBL341918255,REF-2601-0056,Confirmed,HMM,HMM ST PETERSBURG,9868364,933E,NEU-SA,BEANR,Antwerp,ARBUE,Buenos Aires,,,BEANR → ARBUE,Andes Fresh Produce,Hamburg Distribution GmbH,Hamburg Distribution GmbH,BluePort Forwarding,Felipe Costa,DAP,Home appliances,TEMU3622662,40HC,40,HC,19900,18880,59.81,363,cartons,Collect,2026-04-14 23:00,,2026-05-05 23:00,,0,Space Confirmed,Antwerp,2026-04-07 23:00,2026-04-08 03:00,2026-01-13 20:00,2026-04-08 03:00,Complete,Not Started,Medium,https://www.vesselfinder.com/vessels/details/9868364,Direct service.
SHP-2026-0057,MK50987410,HBL929662782,MBL827422579,REF-2602-0057,Loaded,Maersk,SAN NICOLAS MAERSK,9622203,399N,Asia-SAEC,CNSHA,Shanghai,BRPNG,Paranagua,SGSIN,Singapore,CNSHA → BRPNG,Oceanic Paper & Pulp,Andes Importaciones SRL,Andes Importaciones SRL,Atlas Cargo,Bruna Lima,CFR,Pulp bales,MAEU2528669,20GP,20,GP,13980,13511,24.61,461,bales,Prepaid,2026-03-31 03:00,2026-03-31 21:00,2026-05-06 21:00,,0,Loaded on Vessel,Shanghai,2026-03-31 13:00,2026-04-01 05:00,2026-02-28 06:00,2026-04-01 05:00,Complete,Cleared,Medium,https://www.vesselfinder.com/vessels/details/9622203,Via Singapore.
SHP-2026-0058,CC76479831,HBL580783613,MBL407451713,REF-2601-0058,Confirmed,CMA CGM,CMA CGM HERMES,9882499,431E,Med-SA,LBBEY,Beirut,BRSSZ,Santos,,,LBBEY → BRSSZ,Porto Norte Insumos,Buenos Aires Wholesale SA,Buenos Aires Wholesale SA,BluePort Forwarding,Ana Souza,CFR,Industrial machinery,FCIU8191480,45HC,45,HC,29441,28566,46.63,354,crates,Collect,2026-04-13 17:00,,2026-05-01 17:00,,0,Space Confirmed,Beirut,2026-04-09 17:00,2026-04-10 05:00,2026-01-22 07:00,2026-04-10 05:00,Complete,Not Started,Low,https://www.vesselfinder.com/vessels/details/9882499,Direct service.
SHP-2026-0059,MK47221734,HBL672946671,MBL168457759,REF-2601-0059,Confirmed,Maersk,MAERSK OHIO,9298698,233W,Asia-SA,SGSIN,Singapore,BRSSZ,Santos,,,SGSIN → BRSSZ,Sul Agro Comex Ltda,Qingdao Distribution Ltd.,Qingdao Distribution Ltd.,Atlas Cargo,Ana Souza,CFR,Frozen poultry,CAXU2232539,45HC,45,HC,22579,21699,32.9,1193,cartons,Collect,2026-04-13 01:00,,2026-05-12 01:00,,0,Space Confirmed,Singapore,2026-04-07 01:00,2026-04-07 10:00,2026-01-31 10:00,2026-04-07 10:00,Partially Received,Not Started,Low,https://www.vesselfinder.com/vessels/details/9298698,Direct service.
SHP-2026-0060,CC71684020,HBL324241541,MBL520643611,REF-2602-0060,Booked,CMA CGM,CMA CGM MISSISSIPPI,9679907,172S,SA-Asia,BRSSZ,Santos,SGSIN,Singapore,,,BRSSZ → SGSIN,Nova Energia Equipamentos,Dubai Market Connect FZE,Dubai Market Connect FZE,Atlas Cargo,Kauê Santana,EXW,Textiles,MSCU1277064,20GP,20,GP,12451,11287,26.8,988,cartons,Prepaid,2026-04-14 05:00,,2026-05-14 05:00,,0,Booking Confirmed,Santos,2026-02-28 18:00,2026-03-01 05:00,2026-02-28 18:00,2026-03-01 05:00,Pending,Not Started,Low,https://www.vesselfinder.com/vessels/details/9679907,Direct service.
SHP-2026-0061,ON50165370,HBL092753269,MBL731121965,REF-2602-0061,Confirmed,ONE,ONE AMAZON,9937323,402N,Far East-SA,CNYTN,Yantian,BRSSZ,Santos,SGSIN,Singapore,CNYTN → BRSSZ,LatAm Pharma Logistics,Benelux Commodities NV,Benelux Commodities NV,Nexa Comex,Marina Rocha,CIF,Solar components,CMAU6221894,40HC,40,HC,28387,27044,25.0,812,pallets,Prepaid,2026-04-05 20:00,,2026-05-09 20:00,,0,Space Confirmed,Yantian,2026-04-02 20:00,2026-04-03 13:00,2026-02-09 16:00,2026-04-03 13:00,Pending,Not Started,Medium,https://www.vesselfinder.com/vessels/details/9937323,Via Singapore.
SHP-2026-0062,CC89715904,HBL965827109,MBL104300684,REF-2601-0062,Gate In,CMA CGM,CMA CGM INNOVATION,9951525,649E,Med-SA,FOSFM,Fos-sur-Mer,BRSSZ,Santos,,,FOSFM → BRSSZ,BlueWave Minerals,Sakura Imports Co.,Sakura Imports Co.,SouthGate Shipping,Ana Souza,EXW,Textiles,MAEU8055265,45HC,45,HC,28754,28038,66.64,328,cartons,Collect,2026-04-07 06:00,,2026-04-24 06:00,,0,Gate In,Fos-sur-Mer,2026-04-06 06:00,2026-04-06 09:00,2026-01-25 10:00,2026-04-06 09:00,Partially Received,In Progress,Medium,https://www.vesselfinder.com/vessels/details/9951525,Direct service.
SHP-2026-0063,HM42029368,HBL904210202,MBL758842524,REF-2602-0063,Loaded,HMM,HMM OAKLAND,9385013,687N,India-SA,LKCMB,Colombo,BRSSZ,Santos,,,LKCMB → BRSSZ,Santos Trading Export Ltda,Tanger Industrial Supply,Tanger Industrial Supply,Atlas Cargo,Bruna Lima,CIF,Refrigerated fruit,MSCU3161793,45HC,45,HC,24048,23426,28.52,220,cartons,Collect,2026-04-01 07:00,2026-04-01 11:00,2026-04-27 11:00,,0,Loaded on Vessel,Colombo,2026-04-01 02:00,2026-04-01 08:00,2026-02-10 20:00,2026-04-01 08:00,Partially Received,Cleared,Medium,https://www.vesselfinder.com/vessels/details/9385013,Direct service.
SHP-2026-0064,ON16171536,HBL635365419,MBL518023806,REF-2602-0064,Booked,ONE,ONE HOUSTON,9566382,891S,Pacific-SA,JPYOK,Yokohama,BRSSZ,Santos,PABLB,Balboa,JPYOK → BRSSZ,Andes Fresh Produce,Norteuropa Procurement ApS,Norteuropa Procurement ApS,Atlas Cargo,Felipe Costa,DAP,Pulp bales,TEMU5622086,20GP,20,GP,16448,15198,21.26,1020,bales,Prepaid,2026-04-20 13:00,,2026-05-28 13:00,,0,Booking Confirmed,Yokohama,2026-02-05 10:00,2026-02-05 20:00,2026-02-04 10:00,2026-02-05 20:00,Partially Received,Not Started,Low,https://www.vesselfinder.com/vessels/details/9566382,Via Balboa.
SHP-2026-0065,MS82684966,HBL383670241,MBL038657191,REF-2512-0065,In Transit,MSC,MSC AMERICA,9963580,239N,Far East-SAEC,CNSHA,Shanghai,BRSSZ,Santos,SGSIN,Singapore,CNSHA → BRSSZ,Atlantic Coffee Exportadora,Montevideo Trading House,Montevideo Trading House,SouthGate Shipping,Kauê Santana,CIF,Pulp bales,HLBU0506415,20GP,20,GP,17411,16633,16.27,425,bales,Prepaid,2026-03-27 05:00,2026-03-27 11:00,2026-04-30 12:00,,0,Transshipment,Singapore,2026-03-25 02:00,2026-03-25 17:00,2025-12-31 18:00,2026-03-25 17:00,Complete,Cleared,Medium,https://www.vesselfinder.com/vessels/details/9963580,Via Singapore.
SHP-2026-0066,HM26205010,HBL112490352,MBL135680442,REF-2601-0066,In Transit,HMM,HMM ST PETERSBURG,9868364,696E,NEU-SA,NLRTM,Rotterdam,BRPNG,Paranagua,,,NLRTM → BRPNG,Santa Maria Foods,Qingdao Distribution Ltd.,Qingdao Distribution Ltd.,Atlas Cargo,Diego Martins,FOB,Pharmaceutical supplies,FCIU5374744,40HC,40,HC,21626,20564,51.37,182,cartons,Prepaid,2026-03-27 04:00,2026-03-27 09:00,2026-04-14 12:00,,0,Departed,At Sea,2026-03-31 12:00,2026-03-31 19:00,2026-01-06 05:00,2026-03-31 19:00,Partially Received,In Progress,Low,https://www.vesselfinder.com/vessels/details/9868364,Direct service.
SHP-2026-0067,MK22345163,HBL966706625,MBL324472099,REF-2601-0067,Arrived,Maersk,SAN NICOLAS MAERSK,9622203,355N,Asia-SAEC,CNSHA,Shanghai,BRPNG,Paranagua,SGSIN,Singapore,CNSHA → BRPNG,Apex Chemicals Brasil,Norteuropa Procurement ApS,Norteuropa Procurement ApS,SouthGate Shipping,Bruna Lima,EXW,Auto parts,TRIU5107020,45HC,45,HC,16496,15338,25.57,1086,crates,Collect,2026-02-16 12:00,2026-02-16 15:00,2026-03-22 15:00,2026-03-22 09:00,0,Arrived at Destination,Paranagua,2026-03-22 09:00,2026-03-22 22:00,2026-01-23 19:00,2026-03-22 22:00,Complete,In Progress,Low,https://www.vesselfinder.com/vessels/details/9622203,Via Singapore.
SHP-2026-0068,ON85920407,HBL930407859,MBL321334803,REF-2602-0068,In Transit,ONE,ONE MODERN,9475636,138N,LatAm Pacific,PABLB,Balboa,ARBUE,Buenos Aires,,,PABLB → ARBUE,Santa Maria Foods,Buenos Aires Wholesale SA,Buenos Aires Wholesale SA,SouthGate Shipping,Marina Rocha,FOB,Solar components,FCIU5642050,45HC,45,HC,28129,26719,31.38,1014,pallets,Prepaid,2026-03-21 06:00,2026-03-21 19:00,2026-04-10 12:00,,3,Departed,At Sea,2026-03-30 14:00,2026-03-30 21:00,2026-02-23 05:00,2026-03-30 21:00,Complete,In Progress,Medium,https://www.vesselfinder.com/vessels/details/9475636,Direct service.
SHP-2026-0069,MS10091737,HBL002921851,MBL569154522,REF-2601-0069,Booked,MSC,MSC LOS ANGELES,9327798,500N,Far East-SA,CNSHA,Shanghai,BRSSZ,Santos,SGSIN,Singapore,CNSHA → BRSSZ,Global Rubber Brasil,Tanger Industrial Supply,Tanger Industrial Supply,Nexa Comex,Marina Rocha,CIF,Pharmaceutical supplies,HLBU9325254,40RF,40,RF,12672,12009,53.63,1183,cartons,Collect,2026-04-17 20:00,,2026-05-21 20:00,,0,Booking Confirmed,Shanghai,2026-01-07 14:00,2026-01-08 00:00,2026-01-04 14:00,2026-01-08 00:00,Partially Received,Not Started,Low,https://www.vesselfinder.com/vessels/details/9327798,Via Singapore.
SHP-2026-0070,HM76596831,HBL157043315,MBL410067626,REF-2601-0070,Arrived,HMM,HMM DRIVE,9637246,207N,Far East-SA,KRPUS,Busan,BRSSZ,Santos,SGSIN,Singapore,KRPUS → BRSSZ,Santa Maria Foods,Buenos Aires Wholesale SA,Buenos Aires Wholesale SA,Nexa Comex,Diego Martins,CFR,Frozen poultry,CMAU5135528,40RF,40,RF,9594,8691,16.06,544,cartons,Prepaid,2026-02-16 12:00,2026-02-16 21:00,2026-03-22 21:00,2026-03-22 18:00,0,Arrived at Destination,Santos,2026-03-22 18:00,2026-03-22 21:00,2026-01-28 09:00,2026-03-22 21:00,Complete,In Progress,Low,https://www.vesselfinder.com/vessels/details/9637246,Via Singapore.
SHP-2026-0071,MS22496299,HBL962015336,MBL884443106,REF-2603-0071,Confirmed,MSC,MSC MICHIGAN VII,9196864,183W,Africa-SA,ZADUR,Durban,BRPNG,Paranagua,,,ZADUR → BRPNG,SP Consumer Goods,Dubai Market Connect FZE,Dubai Market Connect FZE,SouthGate Shipping,Marina Rocha,FOB,Home appliances,HLBU9970622,20GP,20,GP,9343,8620,17.9,607,cartons,Prepaid,2026-04-05 02:00,,2026-04-15 02:00,,0,Space Confirmed,Durban,2026-03-31 02:00,2026-03-31 06:00,2026-03-11 01:00,2026-03-31 06:00,Pending,Not Started,Medium,https://www.vesselfinder.com/vessels/details/9196864,Direct service.
SHP-2026-0072,MK45568288,HBL270477434,MBL902115869,REF-2601-0072,In Transit,Maersk,MAERSK PITTSBURGH,9342176,793S,Americas Loop,USNYC,New York,BRPNG,Paranagua,,,USNYC → BRPNG,SP Consumer Goods,Rioplate Logistics SA,Rioplate Logistics SA,BluePort Forwarding,Bruna Lima,FOB,Textiles,MAEU8625650,45HC,45,HC,28452,26983,62.72,1180,cartons,Prepaid,2026-03-22 01:00,2026-03-22 18:00,2026-04-10 12:00,,3,Departed,At Sea,2026-03-29 21:00,2026-03-29 23:00,2026-01-09 23:00,2026-03-29 23:00,Partially Received,Cleared,Medium,https://www.vesselfinder.com/vessels/details/9342176,Direct service.
SHP-2026-0073,HM15727862,HBL511686854,MBL870998616,REF-2601-0073,Gate In,HMM,HMM ST PETERSBURG,9868364,276E,NEU-SA,DEHAM,Hamburg,BRSSZ,Santos,,,DEHAM → BRSSZ,Atlantic Coffee Exportadora,Chile Trade Partners SpA,Chile Trade Partners SpA,BluePort Forwarding,Diego Martins,EXW,Auto parts,TRHU1632942,40GP,40,GP,24411,22940,47.27,86,crates,Prepaid,2026-04-03 07:00,,2026-04-20 07:00,,0,Gate In,Hamburg,2026-04-01 07:00,2026-04-01 20:00,2026-01-02 09:00,2026-04-01 20:00,Complete,In Progress,Medium,https://www.vesselfinder.com/vessels/details/9868364,Direct service.
SHP-2026-0074,MS41887353,HBL447132475,MBL469137367,REF-2602-0074,Booked,MSC,MSC LOS ANGELES,9327798,133W,Far East-SA,CNSHA,Shanghai,UYMVD,Montevideo,SGSIN,Singapore,CNSHA → UYMVD,Oceanic Paper & Pulp,Rioplate Logistics SA,Rioplate Logistics SA,SouthGate Shipping,Diego Martins,FOB,Solar components,MSCU7450541,45HC,45,HC,18316,17605,59.36,520,pallets,Prepaid,2026-04-16 11:00,,2026-05-23 11:00,,0,Booking Confirmed,Shanghai,2026-02-26 10:00,2026-02-26 16:00,2026-02-25 10:00,2026-02-26 16:00,Pending,Not Started,Low,https://www.vesselfinder.com/vessels/details/9327798,Via Singapore.
SHP-2026-0075,HM77796914,HBL727985524,MBL140602933,REF-2601-0075,Loaded,HMM,HMM PREMIUM,9625530,533W,Pacific-SA,MXLZC,Lazaro Cardenas,BRSSZ,Santos,PABLB,Balboa,MXLZC → BRSSZ,Nova Energia Equipamentos,Southern Cross Forwarding,Southern Cross Forwarding,BluePort Forwarding,Ana Souza,CFR,Timber products,TRHU1035799,40HC,40,HC,28434,27509,52.78,573,bundles,Prepaid,2026-04-01 01:00,2026-04-01 03:00,2026-04-21 03:00,,0,Loaded on Vessel,Lazaro Cardenas,2026-03-31 23:00,2026-04-01 08:00,2026-01-23 20:00,2026-04-01 08:00,Partially Received,In Progress,Low,https://www.vesselfinder.com/vessels/details/9625530,Via Balboa.
SHP-2026-0076,MK79878835,HBL589944171,MBL545444328,REF-2602-0076,In Transit,Maersk,MAERSK OHIO,9298698,451S,Asia-SA,SGSIN,Singapore,BRSSZ,Santos,,,SGSIN → BRSSZ,Brasil Foods Export SA,Cartagena Cargo SAS,Cartagena Cargo SAS,BluePort Forwarding,Bruna Lima,DAP,Textiles,CAXU9691083,40HC,40,HC,27604,25854,67.72,398,cartons,Collect,2026-03-26 00:00,2026-03-26 02:00,2026-04-26 12:00,,2,Departed,At Sea,2026-03-29 04:00,2026-03-29 06:00,2026-02-04 15:00,2026-03-29 06:00,Complete,Cleared,Medium,https://www.vesselfinder.com/vessels/details/9298698,Direct service.
SHP-2026-0077,MK50291467,HBL248251353,MBL465549471,REF-2603-0077,Arrived,Maersk,MAERSK PITTSBURGH,9342176,240S,Americas Loop,USNYC,New York,BRPNG,Paranagua,,,USNYC → BRPNG,Brasil Foods Export SA,Chile Trade Partners SpA,Chile Trade Partners SpA,Nexa Comex,Diego Martins,CFR,Home appliances,CAXU2824179,40HC,40,HC,18276,17130,17.87,318,cartons,Prepaid,2026-03-11 12:00,2026-03-12 06:00,2026-03-27 06:00,2026-03-27 01:00,0,Arrived at Destination,Paranagua,2026-03-27 01:00,2026-03-27 18:00,2026-03-07 21:00,2026-03-27 18:00,Complete,In Progress,Low,https://www.vesselfinder.com/vessels/details/9342176,Direct service.
SHP-2026-0078,MK34207075,HBL074329271,MBL296666760,REF-2601-0078,Confirmed,Maersk,MAERSK ATLANTA,9348649,232N,Florida Express,USMIA,Miami,ARBUE,Buenos Aires,,,USMIA → ARBUE,SP Consumer Goods,Mediterranean Foods SARL,Mediterranean Foods SARL,Atlas Cargo,Ana Souza,EXW,Refrigerated fruit,TXGU1752504,40HC,40,HC,15914,14194,61.48,649,cartons,Collect,2026-04-10 05:00,,2026-04-25 05:00,,0,Space Confirmed,Miami,2026-04-07 05:00,2026-04-07 13:00,2026-01-29 12:00,2026-04-07 13:00,Complete,Not Started,Low,https://www.vesselfinder.com/vessels/details/9348649,Direct service.
SHP-2026-0079,MK50024028,HBL257532603,MBL323098215,REF-2603-0079,Confirmed,Maersk,MAERSK ATLANTA,9348649,358W,Florida Express,USMIA,Miami,ARBUE,Buenos Aires,,,USMIA → ARBUE,Santa Maria Foods,Southern Cross Forwarding,Southern Cross Forwarding,Atlas Cargo,Diego Martins,CIF,Frozen poultry,OOLU7898563,20GP,20,GP,22156,20947,21.46,1130,cartons,Prepaid,2026-04-05 10:00,,2026-04-19 10:00,,0,Space Confirmed,Miami,2026-04-02 10:00,2026-04-02 14:00,2026-03-10 17:00,2026-04-02 14:00,Complete,Not Started,Low,https://www.vesselfinder.com/vessels/details/9348649,Direct service.
SHP-2026-0080,HM23553285,HBL189141173,MBL934835642,REF-2601-0080,Loaded,HMM,HMM PREMIUM,9625530,759S,Pacific-SA,MXLZC,Lazaro Cardenas,BRSSZ,Santos,PABLB,Balboa,MXLZC → BRSSZ,SP Consumer Goods,Dubai Market Connect FZE,Dubai Market Connect FZE,Atlas Cargo,Marina Rocha,EXW,Textiles,DFSU8499266,45HC,45,HC,14459,12678,53.35,534,cartons,Prepaid,2026-04-01 11:00,2026-04-01 13:00,2026-04-18 13:00,,0,Loaded on Vessel,Lazaro Cardenas,2026-04-01 10:00,2026-04-02 03:00,2026-01-15 02:00,2026-04-02 03:00,Partially Received,In Progress,Medium,https://www.vesselfinder.com/vessels/details/9625530,Via Balboa.
SHP-2026-0081,MK15294153,HBL002255794,MBL155216674,REF-2602-0081,Booked,Maersk,MAERSK OHIO,9298698,285W,Asia-SA,SGSIN,Singapore,BRPNG,Paranagua,,,SGSIN → BRPNG,Global Rubber Brasil,Sakura Imports Co.,Sakura Imports Co.,Nexa Comex,Ana Souza,CFR,Auto parts,CAXU4556115,20GP,20,GP,27857,26569,28.64,907,crates,Collect,2026-04-11 11:00,,2026-05-11 11:00,,0,Booking Confirmed,Singapore,2026-02-25 09:00,2026-02-25 23:00,2026-02-24 09:00,2026-02-25 23:00,Pending,Not Started,Low,https://www.vesselfinder.com/vessels/details/9298698,Direct service.
SHP-2026-0082,LI65201639,HBL993588916,MBL375628900,REF-2602-0082,In Transit,Log-In,LOG IN ENDURANCE,9571296,558N,Mercosur Shuttle,BRPNG,Paranagua,UYMVD,Montevideo,,,BRPNG → UYMVD,Mercosul Machinery,Dubai Market Connect FZE,Dubai Market Connect FZE,BluePort Forwarding,Bruna Lima,EXW,Green coffee beans,TEMU0145083,45HC,45,HC,19700,19239,39.33,1183,bags,Prepaid,2026-03-29 06:00,2026-03-29 15:00,2026-04-04 12:00,,1,Departed,At Sea,2026-03-29 11:00,2026-03-30 00:00,2026-02-24 10:00,2026-03-30 00:00,Partially Received,Cleared,Medium,https://www.vesselfinder.com/vessels/details/9571296,Direct service.
SHP-2026-0083,HM64148754,HBL948837550,MBL375899757,REF-2602-0083,In Transit,HMM,HMM DRIVE,9637246,972W,Far East-SA,KRPUS,Busan,BRSSZ,Santos,SGSIN,Singapore,KRPUS → BRSSZ,Mercurio Commodities SA,Patagonia Retail SA,Patagonia Retail SA,Atlas Cargo,Kauê Santana,CIF,Green coffee beans,TRHU0880190,20GP,20,GP,16832,15281,18.33,257,bags,Prepaid,2026-03-12 03:00,2026-03-12 21:00,2026-04-17 12:00,,1,Departed,At Sea,2026-03-31 07:00,2026-03-31 11:00,2026-02-02 01:00,2026-03-31 11:00,Partially Received,Cleared,Medium,https://www.vesselfinder.com/vessels/details/9637246,Via Singapore.
SHP-2026-0084,MK65629268,HBL270808697,MBL829221699,REF-2602-0084,Delayed,Maersk,MAERSK CHICAGO,9332975,803E,Med-SA,MAPTM,Tanger Med,BRSSZ,Santos,,,MAPTM → BRSSZ,Mercosul Machinery,Montevideo Trading House,Montevideo Trading House,Mercosul Logistics,Bruna Lima,CIF,Green coffee beans,MSCU9177987,40HC,40,HC,15621,14910,26.11,605,bags,Collect,2026-03-23 06:00,2026-03-23 17:00,2026-04-11 17:00,,5,Vessel Delay,At Sea,2026-03-30 12:00,2026-03-31 06:00,2026-02-14 04:00,2026-03-31 06:00,Complete,Hold,Critical,https://www.vesselfinder.com/vessels/details/9332975,Shipment flagged for delay follow-up.
SHP-2026-0085,HM95480242,HBL684608106,MBL200342442,REF-2603-0085,In Transit,HMM,HMM OAKLAND,9385013,665N,India-SA,LKCMB,Colombo,BRSSZ,Santos,,,LKCMB → BRSSZ,Rio Sul Auto Parts,Mediterranean Foods SARL,Mediterranean Foods SARL,Atlas Cargo,Diego Martins,FOB,Refrigerated fruit,HLBU1587999,40RF,40,RF,21199,20046,65.71,650,cartons,Collect,2026-03-16 10:00,2026-03-16 19:00,2026-04-13 12:00,,3,Departed,At Sea,2026-03-28 05:00,2026-03-28 18:00,2026-03-13 01:00,2026-03-28 18:00,Complete,In Progress,Medium,https://www.vesselfinder.com/vessels/details/9385013,Direct service.
SHP-2026-0086,MK95065651,HBL472122816,MBL064842294,REF-2602-0086,Arrived,Maersk,MAERSK OHIO,9298698,902E,Asia-SA,SGSIN,Singapore,BRSSZ,Santos,,,SGSIN → BRSSZ,LatAm Pharma Logistics,Qingdao Distribution Ltd.,Qingdao Distribution Ltd.,Atlas Cargo,Ana Souza,DAP,Pulp bales,BMOU5989334,45HC,45,HC,28074,26602,44.16,159,bales,Prepaid,2026-02-26 12:00,2026-02-27 00:00,2026-03-28 00:00,2026-03-28 11:00,0,Arrived at Destination,Santos,2026-03-28 11:00,2026-03-28 21:00,2026-02-26 11:00,2026-03-28 21:00,Complete,Cleared,Low,https://www.vesselfinder.com/vessels/details/9298698,Direct service.
SHP-2026-0087,HM65825346,HBL555439878,MBL015739930,REF-2602-0087,Booked,HMM,HMM ST PETERSBURG,9868364,184N,NEU-SA,BEANR,Antwerp,ARBUE,Buenos Aires,,,BEANR → ARBUE,Santa Maria Foods,Hamburg Distribution GmbH,Hamburg Distribution GmbH,Mercosul Logistics,Bruna Lima,CIF,Frozen poultry,FCIU8615336,40RF,40,RF,18213,16579,25.2,1062,cartons,Collect,2026-04-15 13:00,,2026-05-05 13:00,,0,Booking Confirmed,Antwerp,2026-02-15 19:00,2026-02-15 21:00,2026-02-12 19:00,2026-02-15 21:00,Partially Received,Not Started,Low,https://www.vesselfinder.com/vessels/details/9868364,Direct service.
SHP-2026-0088,CC99970857,HBL120750110,MBL248193466,REF-2603-0088,Arrived,CMA CGM,CMA CGM HERMES,9882499,396E,Med-SA,MAPTM,Tanger Med,BRPNG,Paranagua,,,MAPTM → BRPNG,Santa Maria Foods,Sakura Imports Co.,Sakura Imports Co.,Nexa Comex,Felipe Costa,DAP,Pulp bales,DFSU3613864,20GP,20,GP,10878,9846,30.78,227,bales,Prepaid,2026-03-14 12:00,2026-03-14 14:00,2026-03-28 14:00,2026-03-29 02:00,0,Arrived at Destination,Paranagua,2026-03-29 02:00,2026-03-29 04:00,2026-03-15 00:00,2026-03-29 04:00,Complete,Cleared,Low,https://www.vesselfinder.com/vessels/details/9882499,Direct service.
SHP-2026-0089,MS14136476,HBL424508821,MBL009968814,REF-2601-0089,Loaded,MSC,MSC NEW YORK,9606314,787N,Asia-SA,CNSHA,Shanghai,UYMVD,Montevideo,,,CNSHA → UYMVD,Oceanic Paper & Pulp,Mediterranean Foods SARL,Mediterranean Foods SARL,BluePort Forwarding,Bruna Lima,CFR,Textiles,TEMU2832685,45HC,45,HC,27114,25494,44.13,605,cartons,Prepaid,2026-04-01 09:00,2026-04-01 18:00,2026-05-08 18:00,,0,Loaded on Vessel,Shanghai,2026-04-01 13:00,2026-04-02 07:00,2026-01-11 08:00,2026-04-02 07:00,Partially Received,In Progress,Low,https://www.vesselfinder.com/vessels/details/9606314,Direct service.
SHP-2026-0090,MK57934299,HBL577594929,MBL955620533,REF-2602-0090,In Transit,Maersk,MAERSK COLUMBUS,9332987,844N,Americas Loop,BRSSZ,Santos,USORF,Norfolk,,,BRSSZ → USORF,Parana Timber Exports,Buenos Aires Wholesale SA,Buenos Aires Wholesale SA,Nexa Comex,Marina Rocha,FOB,Solar components,CMAU3149137,45HC,45,HC,16587,15184,25.41,166,pallets,Collect,2026-03-23 04:00,2026-03-23 17:00,2026-04-09 12:00,,1,Departed,At Sea,2026-03-27 19:00,2026-03-28 04:00,2026-02-02 21:00,2026-03-28 04:00,Partially Received,In Progress,Low,https://www.vesselfinder.com/vessels/details/9332987,Direct service.
SHP-2026-0091,HM89193333,HBL256394278,MBL816580392,REF-2602-0091,In Transit,HMM,HMM OAKLAND,9385013,630E,India-SA,LKCMB,Colombo,BRSSZ,Santos,,,LKCMB → BRSSZ,Atlantic Coffee Exportadora,Qingdao Distribution Ltd.,Qingdao Distribution Ltd.,SouthGate Shipping,Marina Rocha,EXW,Pharmaceutical supplies,TCLU0848875,40RF,40,RF,17162,16106,27.4,433,cartons,Prepaid,2026-03-12 01:00,2026-03-12 07:00,2026-04-07 12:00,,2,Departed,At Sea,2026-03-29 11:00,2026-03-29 14:00,2026-02-22 18:00,2026-03-29 14:00,Complete,In Progress,Low,https://www.vesselfinder.com/vessels/details/9385013,Direct service.
SHP-2026-0092,MS79977486,HBL665918463,MBL865577908,REF-2603-0092,Booked,MSC,MSC ANS,9282261,524E,Far East-SA,KRPUS,Busan,BRPNG,Paranagua,SGSIN,Singapore,KRPUS → BRPNG,Andes Fresh Produce,Asia Pacific Sourcing Pte Ltd,Asia Pacific Sourcing Pte Ltd,BluePort Forwarding,Marina Rocha,FOB,Green coffee beans,DFSU4498929,40HC,40,HC,28227,26458,58.3,481,bags,Prepaid,2026-04-14 19:00,,2026-05-18 19:00,,0,Booking Confirmed,Busan,2026-03-08 20:00,2026-03-09 08:00,2026-03-07 20:00,2026-03-09 08:00,Pending,Not Started,Low,https://www.vesselfinder.com/vessels/details/9282261,Via Singapore.
SHP-2026-0093,ON31642106,HBL922809202,MBL428699041,REF-2601-0093,In Transit,ONE,ONE HONOLULU,9588079,487W,Far East-SA,CNYTN,Yantian,BRPNG,Paranagua,PABLB,Balboa,CNYTN → BRPNG,Andes Fresh Produce,Cartagena Cargo SAS,Cartagena Cargo SAS,BluePort Forwarding,Bruna Lima,CIF,Industrial machinery,DFSU6030290,40GP,40,GP,23359,21838,46.3,480,crates,Prepaid,2026-03-23 05:00,2026-03-23 11:00,2026-04-28 12:00,,3,Departed,At Sea,2026-03-29 17:00,2026-03-30 04:00,2026-01-15 07:00,2026-03-30 04:00,Complete,In Progress,Medium,https://www.vesselfinder.com/vessels/details/9588079,Via Balboa.
SHP-2026-0094,LI66343932,HBL908811729,MBL806865086,REF-2512-0094,In Transit,Log-In,LOG IN ENDURANCE,9571296,691N,Mercosur Shuttle,BRPNG,Paranagua,UYMVD,Montevideo,,,BRPNG → UYMVD,Global Rubber Brasil,Montevideo Trading House,Montevideo Trading House,BluePort Forwarding,Felipe Costa,DAP,Refrigerated fruit,CAXU2912794,40RF,40,RF,14693,14382,52.58,24,cartons,Prepaid,2026-03-30 05:00,2026-03-30 11:00,2026-04-04 12:00,,1,Departed,At Sea,2026-03-28 05:00,2026-03-28 14:00,2025-12-31 13:00,2026-03-28 14:00,Complete,Cleared,Low,https://www.vesselfinder.com/vessels/details/9571296,Direct service.
SHP-2026-0095,CC58623028,HBL695946368,MBL872588744,REF-2602-0095,Arrived,CMA CGM,CMA CGM INNOVATION,9951525,920N,Med-SA,FOSFM,Fos-sur-Mer,BRSSZ,Santos,,,FOSFM → BRSSZ,Oceanic Paper & Pulp,Montevideo Trading House,Montevideo Trading House,SouthGate Shipping,Ana Souza,CIF,Pharmaceutical supplies,MAEU2694485,40HC,40,HC,15527,14186,36.23,703,cartons,Prepaid,2026-03-13 12:00,2026-03-13 21:00,2026-03-28 21:00,2026-03-29 03:00,0,Arrived at Destination,Santos,2026-03-29 03:00,2026-03-29 07:00,2026-02-27 15:00,2026-03-29 07:00,Complete,Cleared,Low,https://www.vesselfinder.com/vessels/details/9951525,Direct service.
SHP-2026-0096,HM90563579,HBL906698490,MBL277038430,REF-2602-0096,Confirmed,HMM,HMM OAKLAND,9385013,461W,India-SA,LKCMB,Colombo,BRSSZ,Santos,,,LKCMB → BRSSZ,Mercosul Machinery,Pacific Mercantile Inc.,Pacific Mercantile Inc.,SouthGate Shipping,Ana Souza,EXW,Timber products,TRHU1143514,40GP,40,GP,13659,13182,67.83,828,bundles,Collect,2026-04-07 10:00,,2026-04-30 10:00,,0,Space Confirmed,Colombo,2026-04-02 10:00,2026-04-02 11:00,2026-02-15 17:00,2026-04-02 11:00,Complete,Not Started,Low,https://www.vesselfinder.com/vessels/details/9385013,Direct service.
SHP-2026-0097,MK83765077,HBL937690426,MBL818184518,REF-2601-0097,Booked,Maersk,MAERSK COLUMBUS,9332987,748S,Americas Loop,BRSSZ,Santos,USORF,Norfolk,,,BRSSZ → USORF,SP Consumer Goods,Chile Trade Partners SpA,Chile Trade Partners SpA,Mercosul Logistics,Felipe Costa,CIF,Green coffee beans,OOLU8955436,20GP,20,GP,24293,23755,19.38,793,bags,Prepaid,2026-04-21 20:00,,2026-05-07 20:00,,0,Booking Confirmed,Santos,2026-01-23 00:00,2026-01-23 01:00,2026-01-20 00:00,2026-01-23 01:00,Partially Received,Not Started,Low,https://www.vesselfinder.com/vessels/details/9332987,Direct service.
SHP-2026-0098,MK45346197,HBL275539423,MBL733343333,REF-2603-0098,In Transit,Maersk,MAERSK HARTFORD,9333008,386W,Africa-SA,ZADUR,Durban,BRSSZ,Santos,,,ZADUR → BRSSZ,Oceanic Paper & Pulp,Benelux Commodities NV,Benelux Commodities NV,SouthGate Shipping,Kauê Santana,CIF,Frozen poultry,TCLU4165183,40RF,40,RF,24582,23908,67.17,1056,cartons,Collect,2026-03-23 02:00,2026-03-23 04:00,2026-04-06 12:00,,3,Departed,At Sea,2026-03-30 21:00,2026-03-31 06:00,2026-03-02 10:00,2026-03-31 06:00,Complete,Cleared,Medium,https://www.vesselfinder.com/vessels/details/9333008,Direct service.
SHP-2026-0099,MS82580645,HBL875003691,MBL559428434,REF-2602-0099,In Transit,MSC,MSC AMERICA,9963580,668W,Far East-SAEC,CNSHA,Shanghai,BRSSZ,Santos,SGSIN,Singapore,CNSHA → BRSSZ,Green Harvest Trading,Tanger Industrial Supply,Tanger Industrial Supply,Nexa Comex,Felipe Costa,EXW,Timber products,MSCU8562715,45HC,45,HC,15272,13496,29.31,492,bundles,Prepaid,2026-03-03 08:00,2026-03-03 23:00,2026-04-08 12:00,,1,Departed,At Sea,2026-03-28 04:00,2026-03-28 12:00,2026-02-21 21:00,2026-03-28 12:00,Partially Received,In Progress,Medium,https://www.vesselfinder.com/vessels/details/9963580,Via Singapore.
SHP-2026-0100,MS33703827,HBL448906120,MBL347175455,REF-2603-0100,Confirmed,MSC,MSC AMERICA,9963580,180W,Far East-SAEC,KRPUS,Busan,ARBUE,Buenos Aires,SGSIN,Singapore,KRPUS → ARBUE,SP Consumer Goods,Southern Cross Forwarding,Southern Cross Forwarding,SouthGate Shipping,Felipe Costa,DAP,Frozen poultry,TRHU7288578,45HC,45,HC,22652,20974,42.05,925,cartons,Prepaid,2026-04-06 00:00,,2026-05-11 00:00,,0,Space Confirmed,Busan,2026-03-30 00:00,2026-03-30 12:00,2026-03-14 23:00,2026-03-30 12:00,Partially Received,Not Started,Low,https://www.vesselfinder.com/vessels/details/9963580,Via Singapore.
